X,Y,ƒ^ƒCƒgƒ‹,êŠî•ñ,URL
5406.6487,-37104.0705,“Œ¼ü‰YˆÀ‰w‘Oƒ[ƒ^ƒŠ[•t‹ß,ç—tŒ§‰YˆÀs–k‰h1’š–Ú13,http://urayasu-shinsai-archive.city.urayasu.lg.jp/item/?id=M2015062519522834197
5406.6487,-37104.0705,“Œ¼ü‰YˆÀ‰w‘Oƒ[ƒ^ƒŠ[•t‹ß,ç—tŒ§‰YˆÀs–k‰h1’š–Ú13,http://urayasu-shinsai-archive.city.urayasu.lg.jp/item/?id=M2015062519522934198
5406.6487,-37104.0705,“Œ¼ü‰YˆÀ‰w‘Oƒ[ƒ^ƒŠ[•t‹ß,ç—tŒ§‰YˆÀs–k‰h1’š–Ú13,http://urayasu-shinsai-archive.city.urayasu.lg.jp/item/?id=M2015062519523034199
5406.6487,-37104.0705,“Œ¼ü‰YˆÀ‰w‘Oƒ[ƒ^ƒŠ[•t‹ß,ç—tŒ§‰YˆÀs–k‰h1’š–Ú13,http://urayasu-shinsai-archive.city.urayasu.lg.jp/item/?id=M2015062519523034200
5406.6487,-37104.0705,“Œ¼ü‰YˆÀ‰w‘Oƒ[ƒ^ƒŠ[•t‹ß,ç—tŒ§‰YˆÀs–k‰h1’š–Ú13,http://urayasu-shinsai-archive.city.urayasu.lg.jp/item/?id=M2015062519523134201
5406.6487,-37104.0705,“Œ¼ü‰YˆÀ‰w‘Oƒ[ƒ^ƒŠ[•t‹ß,ç—tŒ§‰YˆÀs–k‰h1’š–Ú13,http://urayasu-shinsai-archive.city.urayasu.lg.jp/item/?id=M2015062519523234202
5406.6487,-37104.0705,“Œ¼ü‰YˆÀ‰w‘Oƒ[ƒ^ƒŠ[•t‹ß,ç—tŒ§‰YˆÀs–k‰h1’š–Ú13,http://urayasu-shinsai-archive.city.urayasu.lg.jp/item/?id=M2015062519523334203
5406.6487,-37104.0705,“Œ¼ü‰YˆÀ‰w‘Oƒ[ƒ^ƒŠ[•t‹ß,ç—tŒ§‰YˆÀs–k‰h1’š–Ú13,http://urayasu-shinsai-archive.city.urayasu.lg.jp/item/?id=M2015062519523434204
5406.6487,-37104.0705,“Œ¼ü‰YˆÀ‰w‘Oƒ[ƒ^ƒŠ[•t‹ß,ç—tŒ§‰YˆÀs–k‰h1’š–Ú13,http://urayasu-shinsai-archive.city.urayasu.lg.jp/item/?id=M2015062519523434205
5406.6487,-37104.0705,“Œ¼ü‰YˆÀ‰w‘Oƒ[ƒ^ƒŠ[•t‹ß,ç—tŒ§‰YˆÀs–k‰h1’š–Ú13,http://urayasu-shinsai-archive.city.urayasu.lg.jp/item/?id=M2015062519523534206
5406.6487,-37104.0705,“Œ¼ü‰YˆÀ‰w‘Oƒ[ƒ^ƒŠ[•t‹ß,ç—tŒ§‰YˆÀs–k‰h1’š–Ú13,http://urayasu-shinsai-archive.city.urayasu.lg.jp/item/?id=M2015062519523634207
5337.7942,-37173.6725,ƒXƒNƒ‰ƒ“ƒuƒ‹Œğ·“_•t‹ß,ç—tŒ§‰YˆÀs”LÀ4’š–Ú,http://urayasu-shinsai-archive.city.urayasu.lg.jp/item/?id=M2015062519523734208
5337.7942,-37173.6725,ƒXƒNƒ‰ƒ“ƒuƒ‹Œğ·“_•t‹ß,ç—tŒ§‰YˆÀs”LÀ4’š–Ú,http://urayasu-shinsai-archive.city.urayasu.lg.jp/item/?id=M2015062519523834209
5337.7942,-37173.6725,ƒXƒNƒ‰ƒ“ƒuƒ‹Œğ·“_•t‹ß,ç—tŒ§‰YˆÀs”LÀ4’š–Ú,http://urayasu-shinsai-archive.city.urayasu.lg.jp/item/?id=M2015062519523934210
5337.7942,-37173.6725,ƒXƒNƒ‰ƒ“ƒuƒ‹Œğ·“_•t‹ß,ç—tŒ§‰YˆÀs”LÀ4’š–Ú,http://urayasu-shinsai-archive.city.urayasu.lg.jp/item/?id=M2015062519523934211
5337.7942,-37173.6725,ƒXƒNƒ‰ƒ“ƒuƒ‹Œğ·“_•t‹ß,ç—tŒ§‰YˆÀs”LÀ4’š–Ú,http://urayasu-shinsai-archive.city.urayasu.lg.jp/item/?id=M2015062519524034212
5337.7942,-37173.6725,ƒXƒNƒ‰ƒ“ƒuƒ‹Œğ·“_•t‹ß,ç—tŒ§‰YˆÀs”LÀ4’š–Ú,http://urayasu-shinsai-archive.city.urayasu.lg.jp/item/?id=M2015062519524134213
5337.7942,-37173.6725,ƒXƒNƒ‰ƒ“ƒuƒ‹Œğ·“_•t‹ß,ç—tŒ§‰YˆÀs”LÀ4’š–Ú,http://urayasu-shinsai-archive.city.urayasu.lg.jp/item/?id=M2015062519524234214
5337.7942,-37173.6725,ƒXƒNƒ‰ƒ“ƒuƒ‹Œğ·“_•t‹ß,ç—tŒ§‰YˆÀs”LÀ4’š–Ú,http://urayasu-shinsai-archive.city.urayasu.lg.jp/item/?id=M2015062519524334215
5337.7942,-37173.6725,ƒXƒNƒ‰ƒ“ƒuƒ‹Œğ·“_•t‹ß,ç—tŒ§‰YˆÀs”LÀ4’š–Ú,http://urayasu-shinsai-archive.city.urayasu.lg.jp/item/?id=M2015062519524334216
5337.7942,-37173.6725,ƒXƒNƒ‰ƒ“ƒuƒ‹Œğ·“_•t‹ß,ç—tŒ§‰YˆÀs”LÀ4’š–Ú,http://urayasu-shinsai-archive.city.urayasu.lg.jp/item/?id=M2015062519524434217
5337.7942,-37173.6725,ƒXƒNƒ‰ƒ“ƒuƒ‹Œğ·“_•t‹ß,ç—tŒ§‰YˆÀs”LÀ4’š–Ú,http://urayasu-shinsai-archive.city.urayasu.lg.jp/item/?id=M2015062519524534218
5437.116,-37182.5987,“Œ¼ü‰YˆÀ‰w‘O•à“¹‹´,ç—tŒ§‰YˆÀs–k‰h1’š–Ú,http://urayasu-shinsai-archive.city.urayasu.lg.jp/item/?id=M2015062519524634219
5437.116,-37182.5987,“Œ¼ü‰YˆÀ‰w‘O•à“¹‹´,ç—tŒ§‰YˆÀs–k‰h1’š–Ú,http://urayasu-shinsai-archive.city.urayasu.lg.jp/item/?id=M2015062519524634220
5437.116,-37182.5987,“Œ¼ü‰YˆÀ‰w‘O•à“¹‹´,ç—tŒ§‰YˆÀs–k‰h1’š–Ú,http://urayasu-shinsai-archive.city.urayasu.lg.jp/item/?id=M2015062519524734221
5437.116,-37182.5987,“Œ¼ü‰YˆÀ‰w‘O•à“¹‹´,ç—tŒ§‰YˆÀs–k‰h1’š–Ú,http://urayasu-shinsai-archive.city.urayasu.lg.jp/item/?id=M2015062519524834222
5437.116,-37182.5987,“Œ¼ü‰YˆÀ‰w‘O•à“¹‹´,ç—tŒ§‰YˆÀs–k‰h1’š–Ú,http://urayasu-shinsai-archive.city.urayasu.lg.jp/item/?id=M2015062519524934223
5437.116,-37182.5987,“Œ¼ü‰YˆÀ‰w‘O•à“¹‹´,ç—tŒ§‰YˆÀs–k‰h1’š–Ú,http://urayasu-shinsai-archive.city.urayasu.lg.jp/item/?id=M2015062519525034224
5437.116,-37182.5987,“Œ¼ü‰YˆÀ‰w‘O•à“¹‹´,ç—tŒ§‰YˆÀs–k‰h1’š–Ú,http://urayasu-shinsai-archive.city.urayasu.lg.jp/item/?id=M2015062519525034225
5437.116,-37182.5987,“Œ¼ü‰YˆÀ‰w‘O•à“¹‹´,ç—tŒ§‰YˆÀs–k‰h1’š–Ú,http://urayasu-shinsai-archive.city.urayasu.lg.jp/item/?id=M2015062519525134226
5437.116,-37182.5987,“Œ¼ü‰YˆÀ‰w‘O•à“¹‹´,ç—tŒ§‰YˆÀs–k‰h1’š–Ú,http://urayasu-shinsai-archive.city.urayasu.lg.jp/item/?id=M2015062519525234227
5437.116,-37182.5987,“Œ¼ü‰YˆÀ‰w‘O•à“¹‹´,ç—tŒ§‰YˆÀs–k‰h1’š–Ú,http://urayasu-shinsai-archive.city.urayasu.lg.jp/item/?id=M2015062519525334228
5437.116,-37182.5987,“Œ¼ü‰YˆÀ‰w‘O•à“¹‹´,ç—tŒ§‰YˆÀs–k‰h1’š–Ú,http://urayasu-shinsai-archive.city.urayasu.lg.jp/item/?id=M2015062519525434229
5440.9825,-36843.2253,‰YˆÀ‹›sê‘O•à“¹‹´,ç—tŒ§‰YˆÀs–k‰h1’š–Ú,http://urayasu-shinsai-archive.city.urayasu.lg.jp/item/?id=M2015062519525434230
5440.9825,-36843.2253,‰YˆÀ‹›sê‘O•à“¹‹´,ç—tŒ§‰YˆÀs–k‰h1’š–Ú,http://urayasu-shinsai-archive.city.urayasu.lg.jp/item/?id=M2015062519525534231
5440.9825,-36843.2253,‰YˆÀ‹›sê‘O•à“¹‹´,ç—tŒ§‰YˆÀs–k‰h1’š–Ú,http://urayasu-shinsai-archive.city.urayasu.lg.jp/item/?id=M2015062519525634232
5440.9825,-36843.2253,‰YˆÀ‹›sê‘O•à“¹‹´,ç—tŒ§‰YˆÀs–k‰h1’š–Ú,http://urayasu-shinsai-archive.city.urayasu.lg.jp/item/?id=M2015062519525734233
5440.9825,-36843.2253,‰YˆÀ‹›sê‘O•à“¹‹´,ç—tŒ§‰YˆÀs–k‰h1’š–Ú,http://urayasu-shinsai-archive.city.urayasu.lg.jp/item/?id=M2015062519525834234
5440.9825,-36843.2253,‰YˆÀ‹›sê‘O•à“¹‹´,ç—tŒ§‰YˆÀs–k‰h1’š–Ú,http://urayasu-shinsai-archive.city.urayasu.lg.jp/item/?id=M2015062519525834235
5440.9825,-36843.2253,‰YˆÀ‹›sê‘O•à“¹‹´,ç—tŒ§‰YˆÀs–k‰h1’š–Ú,http://urayasu-shinsai-archive.city.urayasu.lg.jp/item/?id=M2015062519525934236
5440.9825,-36843.2253,‰YˆÀ‹›sê‘O•à“¹‹´,ç—tŒ§‰YˆÀs–k‰h1’š–Ú,http://urayasu-shinsai-archive.city.urayasu.lg.jp/item/?id=M2015062519530034237
5440.9825,-36843.2253,‰YˆÀ‹›sê‘O•à“¹‹´,ç—tŒ§‰YˆÀs–k‰h1’š–Ú,http://urayasu-shinsai-archive.city.urayasu.lg.jp/item/?id=M2015062519530134238
5440.9825,-36843.2253,‰YˆÀ‹›sê‘O•à“¹‹´,ç—tŒ§‰YˆÀs–k‰h1’š–Ú,http://urayasu-shinsai-archive.city.urayasu.lg.jp/item/?id=M2015062519530234239
5440.9825,-36843.2253,‰YˆÀ‹›sê‘O•à“¹‹´,ç—tŒ§‰YˆÀs–k‰h1’š–Ú,http://urayasu-shinsai-archive.city.urayasu.lg.jp/item/?id=M2015062519530234240
5466.5337,-37614.8096,ƒtƒ‰ƒ[’Ê‚è,ç—tŒ§‰YˆÀs–x]3’š–Ú1,http://urayasu-shinsai-archive.city.urayasu.lg.jp/item/?id=M2015062519530334241
5466.5337,-37614.8096,ƒtƒ‰ƒ[’Ê‚è,ç—tŒ§‰YˆÀs–x]3’š–Ú1,http://urayasu-shinsai-archive.city.urayasu.lg.jp/item/?id=M2015062519530434242
5466.5337,-37614.8096,ƒtƒ‰ƒ[’Ê‚è,ç—tŒ§‰YˆÀs–x]3’š–Ú1,http://urayasu-shinsai-archive.city.urayasu.lg.jp/item/?id=M2015062519530534243
5466.5337,-37614.8096,ƒtƒ‰ƒ[’Ê‚è,ç—tŒ§‰YˆÀs–x]3’š–Ú1,http://urayasu-shinsai-archive.city.urayasu.lg.jp/item/?id=M2015062519530634244
5466.5337,-37614.8096,ƒtƒ‰ƒ[’Ê‚è,ç—tŒ§‰YˆÀs–x]3’š–Ú1,http://urayasu-shinsai-archive.city.urayasu.lg.jp/item/?id=M2015062519530634245
5466.5337,-37614.8096,ƒtƒ‰ƒ[’Ê‚è,ç—tŒ§‰YˆÀs–x]3’š–Ú1,http://urayasu-shinsai-archive.city.urayasu.lg.jp/item/?id=M2015062519530734246
5466.5337,-37614.8096,ƒtƒ‰ƒ[’Ê‚è,ç—tŒ§‰YˆÀs–x]3’š–Ú1,http://urayasu-shinsai-archive.city.urayasu.lg.jp/item/?id=M2015062519530834247
5466.5337,-37614.8096,ƒtƒ‰ƒ[’Ê‚è,ç—tŒ§‰YˆÀs–x]3’š–Ú1,http://urayasu-shinsai-archive.city.urayasu.lg.jp/item/?id=M2015062519530934248
5466.5337,-37614.8096,ƒtƒ‰ƒ[’Ê‚è,ç—tŒ§‰YˆÀs–x]3’š–Ú1,http://urayasu-shinsai-archive.city.urayasu.lg.jp/item/?id=M2015062519530934249
5466.5337,-37614.8096,ƒtƒ‰ƒ[’Ê‚è,ç—tŒ§‰YˆÀs–x]3’š–Ú1,http://urayasu-shinsai-archive.city.urayasu.lg.jp/item/?id=M2015062519531034250
5466.5337,-37614.8096,ƒtƒ‰ƒ[’Ê‚è,ç—tŒ§‰YˆÀs–x]3’š–Ú1,http://urayasu-shinsai-archive.city.urayasu.lg.jp/item/?id=M2015062519531134251
5441.8785,-37568.0073,‹L”O‹´,ç—tŒ§‰YˆÀs–x]3’š–Ú2,http://urayasu-shinsai-archive.city.urayasu.lg.jp/item/?id=M2015062519531234252
5441.8785,-37568.0073,‹L”O‹´,ç—tŒ§‰YˆÀs–x]3’š–Ú2,http://urayasu-shinsai-archive.city.urayasu.lg.jp/item/?id=M2015062519531334253
5441.8785,-37568.0073,‹L”O‹´,ç—tŒ§‰YˆÀs–x]3’š–Ú2,http://urayasu-shinsai-archive.city.urayasu.lg.jp/item/?id=M2015062519531334254
5441.8785,-37568.0073,‹L”O‹´,ç—tŒ§‰YˆÀs–x]3’š–Ú2,http://urayasu-shinsai-archive.city.urayasu.lg.jp/item/?id=M2015062519531434255
5441.8785,-37568.0073,‹L”O‹´,ç—tŒ§‰YˆÀs–x]3’š–Ú2,http://urayasu-shinsai-archive.city.urayasu.lg.jp/item/?id=M2015062519531534256
5441.8785,-37568.0073,‹L”O‹´,ç—tŒ§‰YˆÀs–x]3’š–Ú2,http://urayasu-shinsai-archive.city.urayasu.lg.jp/item/?id=M2015062519531634257
5441.8785,-37568.0073,‹L”O‹´,ç—tŒ§‰YˆÀs–x]3’š–Ú2,http://urayasu-shinsai-archive.city.urayasu.lg.jp/item/?id=M2015062519531734258
5441.8785,-37568.0073,‹L”O‹´,ç—tŒ§‰YˆÀs–x]3’š–Ú2,http://urayasu-shinsai-archive.city.urayasu.lg.jp/item/?id=M2015062519531734259
5441.8785,-37568.0073,‹L”O‹´,ç—tŒ§‰YˆÀs–x]3’š–Ú2,http://urayasu-shinsai-archive.city.urayasu.lg.jp/item/?id=M2015062519531834260
5441.8785,-37568.0073,‹L”O‹´,ç—tŒ§‰YˆÀs–x]3’š–Ú2,http://urayasu-shinsai-archive.city.urayasu.lg.jp/item/?id=M2015062519531934261
5441.8785,-37568.0073,‹L”O‹´,ç—tŒ§‰YˆÀs–x]3’š–Ú2,http://urayasu-shinsai-archive.city.urayasu.lg.jp/item/?id=M2015062519532034262
4785.5886,-37276.275,‰YˆÀ‹´,“Œ‹“s]ŒËì‹æ“ŒŠ‹¼4’š–Ú,http://urayasu-shinsai-archive.city.urayasu.lg.jp/item/?id=M2015062519532134263
4785.5886,-37276.275,‰YˆÀ‹´,“Œ‹“s]ŒËì‹æ“ŒŠ‹¼4’š–Ú,http://urayasu-shinsai-archive.city.urayasu.lg.jp/item/?id=M2015062519532134264
4785.5886,-37276.275,‰YˆÀ‹´,“Œ‹“s]ŒËì‹æ“ŒŠ‹¼4’š–Ú,http://urayasu-shinsai-archive.city.urayasu.lg.jp/item/?id=M2015062519532234265
4785.5886,-37276.275,‰YˆÀ‹´,“Œ‹“s]ŒËì‹æ“ŒŠ‹¼4’š–Ú,http://urayasu-shinsai-archive.city.urayasu.lg.jp/item/?id=M2015062519532334266
4785.5886,-37276.275,‰YˆÀ‹´,“Œ‹“s]ŒËì‹æ“ŒŠ‹¼4’š–Ú,http://urayasu-shinsai-archive.city.urayasu.lg.jp/item/?id=M2015062519532434267
4785.5886,-37276.275,‰YˆÀ‹´,“Œ‹“s]ŒËì‹æ“ŒŠ‹¼4’š–Ú,http://urayasu-shinsai-archive.city.urayasu.lg.jp/item/?id=M2015062519532434268
4785.5886,-37276.275,‰YˆÀ‹´,“Œ‹“s]ŒËì‹æ“ŒŠ‹¼4’š–Ú,http://urayasu-shinsai-archive.city.urayasu.lg.jp/item/?id=M2015062519532534269
4785.5886,-37276.275,‰YˆÀ‹´,“Œ‹“s]ŒËì‹æ“ŒŠ‹¼4’š–Ú,http://urayasu-shinsai-archive.city.urayasu.lg.jp/item/?id=M2015062519532634270
4785.5886,-37276.275,‰YˆÀ‹´,“Œ‹“s]ŒËì‹æ“ŒŠ‹¼4’š–Ú,http://urayasu-shinsai-archive.city.urayasu.lg.jp/item/?id=M2015062519532734271
4785.5886,-37276.275,‰YˆÀ‹´,“Œ‹“s]ŒËì‹æ“ŒŠ‹¼4’š–Ú,http://urayasu-shinsai-archive.city.urayasu.lg.jp/item/?id=M2015062519532834272
5071.1105,-37387.1695,¼‹«‹´,ç—tŒ§‰YˆÀs–x]4’š–Ú3,http://urayasu-shinsai-archive.city.urayasu.lg.jp/item/?id=M2015062519532834273
5071.1105,-37387.1695,¼‹«‹´,ç—tŒ§‰YˆÀs–x]4’š–Ú3,http://urayasu-shinsai-archive.city.urayasu.lg.jp/item/?id=M2015062519532934274
5071.1105,-37387.1695,¼‹«‹´,ç—tŒ§‰YˆÀs–x]4’š–Ú3,http://urayasu-shinsai-archive.city.urayasu.lg.jp/item/?id=M2015062519533034275
5071.1105,-37387.1695,¼‹«‹´,ç—tŒ§‰YˆÀs–x]4’š–Ú3,http://urayasu-shinsai-archive.city.urayasu.lg.jp/item/?id=M2015062519533134276
5071.1105,-37387.1695,¼‹«‹´,ç—tŒ§‰YˆÀs–x]4’š–Ú3,http://urayasu-shinsai-archive.city.urayasu.lg.jp/item/?id=M2015062519533234277
5071.1105,-37387.1695,¼‹«‹´,ç—tŒ§‰YˆÀs–x]4’š–Ú3,http://urayasu-shinsai-archive.city.urayasu.lg.jp/item/?id=M2015062519533234278
5071.1105,-37387.1695,¼‹«‹´,ç—tŒ§‰YˆÀs–x]4’š–Ú3,http://urayasu-shinsai-archive.city.urayasu.lg.jp/item/?id=M2015062519533334279
5071.1105,-37387.1695,¼‹«‹´,ç—tŒ§‰YˆÀs–x]4’š–Ú3,http://urayasu-shinsai-archive.city.urayasu.lg.jp/item/?id=M2015062519533434280
5071.1105,-37387.1695,¼‹«‹´,ç—tŒ§‰YˆÀs–x]4’š–Ú3,http://urayasu-shinsai-archive.city.urayasu.lg.jp/item/?id=M2015062519533534281
5071.1105,-37387.1695,¼‹«‹´,ç—tŒ§‰YˆÀs–x]4’š–Ú3,http://urayasu-shinsai-archive.city.urayasu.lg.jp/item/?id=M2015062519533634282
5071.1105,-37387.1695,¼‹«‹´,ç—tŒ§‰YˆÀs–x]4’š–Ú3,http://urayasu-shinsai-archive.city.urayasu.lg.jp/item/?id=M2015062519533734283
5423.5952,-37428.4538,M\“ƒ‘O,ç—tŒ§‰YˆÀs”LÀ4’š–Ú17,http://urayasu-shinsai-archive.city.urayasu.lg.jp/item/?id=M2015062519533734284
5423.5952,-37428.4538,M\“ƒ‘O,ç—tŒ§‰YˆÀs”LÀ4’š–Ú17,http://urayasu-shinsai-archive.city.urayasu.lg.jp/item/?id=M2015062519533834285
5423.5952,-37428.4538,M\“ƒ‘O,ç—tŒ§‰YˆÀs”LÀ4’š–Ú17,http://urayasu-shinsai-archive.city.urayasu.lg.jp/item/?id=M2015062519533934286
5423.5952,-37428.4538,M\“ƒ‘O,ç—tŒ§‰YˆÀs”LÀ4’š–Ú17,http://urayasu-shinsai-archive.city.urayasu.lg.jp/item/?id=M2015062519534034287
5423.5952,-37428.4538,M\“ƒ‘O,ç—tŒ§‰YˆÀs”LÀ4’š–Ú17,http://urayasu-shinsai-archive.city.urayasu.lg.jp/item/?id=M2015062519534134288
5423.5952,-37428.4538,M\“ƒ‘O,ç—tŒ§‰YˆÀs”LÀ4’š–Ú17,http://urayasu-shinsai-archive.city.urayasu.lg.jp/item/?id=M2015062519534134289
5423.5952,-37428.4538,M\“ƒ‘O,ç—tŒ§‰YˆÀs”LÀ4’š–Ú17,http://urayasu-shinsai-archive.city.urayasu.lg.jp/item/?id=M2015062519534234290
5423.5952,-37428.4538,M\“ƒ‘O,ç—tŒ§‰YˆÀs”LÀ4’š–Ú17,http://urayasu-shinsai-archive.city.urayasu.lg.jp/item/?id=M2015062519534334291
5423.5952,-37428.4538,M\“ƒ‘O,ç—tŒ§‰YˆÀs”LÀ4’š–Ú17,http://urayasu-shinsai-archive.city.urayasu.lg.jp/item/?id=M2015062519534434292
5423.5952,-37428.4538,M\“ƒ‘O,ç—tŒ§‰YˆÀs”LÀ4’š–Ú17,http://urayasu-shinsai-archive.city.urayasu.lg.jp/item/?id=M2015062519534534293
5423.5952,-37428.4538,M\“ƒ‘O,ç—tŒ§‰YˆÀs”LÀ4’š–Ú17,http://urayasu-shinsai-archive.city.urayasu.lg.jp/item/?id=M2015062519534534294
5067.3463,-38090.4309,–x]ƒhƒbƒO,ç—tŒ§‰YˆÀs–x]5’š–Ú,http://urayasu-shinsai-archive.city.urayasu.lg.jp/item/?id=M2015062519534634295
5067.3463,-38090.4309,–x]ƒhƒbƒO,ç—tŒ§‰YˆÀs–x]5’š–Ú,http://urayasu-shinsai-archive.city.urayasu.lg.jp/item/?id=M2015062519534734296
5067.3463,-38090.4309,–x]ƒhƒbƒO,ç—tŒ§‰YˆÀs–x]5’š–Ú,http://urayasu-shinsai-archive.city.urayasu.lg.jp/item/?id=M2015062519534834297
5067.3463,-38090.4309,–x]ƒhƒbƒO,ç—tŒ§‰YˆÀs–x]5’š–Ú,http://urayasu-shinsai-archive.city.urayasu.lg.jp/item/?id=M2015062519534934298
5067.3463,-38090.4309,–x]ƒhƒbƒO,ç—tŒ§‰YˆÀs–x]5’š–Ú,http://urayasu-shinsai-archive.city.urayasu.lg.jp/item/?id=M2015062519534934299
5067.3463,-38090.4309,–x]ƒhƒbƒO,ç—tŒ§‰YˆÀs–x]5’š–Ú,http://urayasu-shinsai-archive.city.urayasu.lg.jp/item/?id=M2015062519535034300
5067.3463,-38090.4309,–x]ƒhƒbƒO,ç—tŒ§‰YˆÀs–x]5’š–Ú,http://urayasu-shinsai-archive.city.urayasu.lg.jp/item/?id=M2015062519535134301
5067.3463,-38090.4309,–x]ƒhƒbƒO,ç—tŒ§‰YˆÀs–x]5’š–Ú,http://urayasu-shinsai-archive.city.urayasu.lg.jp/item/?id=M2015062519535234302
5067.3463,-38090.4309,–x]ƒhƒbƒO,ç—tŒ§‰YˆÀs–x]5’š–Ú,http://urayasu-shinsai-archive.city.urayasu.lg.jp/item/?id=M2015062519535334303
5700.4411,-37826.3396,]ì‹´,ç—tŒ§‰YˆÀs–x]2’š–Ú1,http://urayasu-shinsai-archive.city.urayasu.lg.jp/item/?id=M2015062519535334304
5700.4411,-37826.3396,]ì‹´,ç—tŒ§‰YˆÀs–x]2’š–Ú1,http://urayasu-shinsai-archive.city.urayasu.lg.jp/item/?id=M2015062519535434305
5700.4411,-37826.3396,]ì‹´,ç—tŒ§‰YˆÀs–x]2’š–Ú1,http://urayasu-shinsai-archive.city.urayasu.lg.jp/item/?id=M2015062519535534306
5700.4411,-37826.3396,]ì‹´,ç—tŒ§‰YˆÀs–x]2’š–Ú1,http://urayasu-shinsai-archive.city.urayasu.lg.jp/item/?id=M2015062519535634307
5700.4411,-37826.3396,]ì‹´,ç—tŒ§‰YˆÀs–x]2’š–Ú1,http://urayasu-shinsai-archive.city.urayasu.lg.jp/item/?id=M2015062519535734308
5700.4411,-37826.3396,]ì‹´,ç—tŒ§‰YˆÀs–x]2’š–Ú1,http://urayasu-shinsai-archive.city.urayasu.lg.jp/item/?id=M2015062519535734309
5700.4411,-37826.3396,]ì‹´,ç—tŒ§‰YˆÀs–x]2’š–Ú1,http://urayasu-shinsai-archive.city.urayasu.lg.jp/item/?id=M2015062519535834310
5700.4411,-37826.3396,]ì‹´,ç—tŒ§‰YˆÀs–x]2’š–Ú1,http://urayasu-shinsai-archive.city.urayasu.lg.jp/item/?id=M2015062519535934311
5700.4411,-37826.3396,]ì‹´,ç—tŒ§‰YˆÀs–x]2’š–Ú1,http://urayasu-shinsai-archive.city.urayasu.lg.jp/item/?id=M2015062519540034312
5700.4411,-37826.3396,]ì‹´,ç—tŒ§‰YˆÀs–x]2’š–Ú1,http://urayasu-shinsai-archive.city.urayasu.lg.jp/item/?id=M2015062519540134313
5700.4411,-37826.3396,]ì‹´,ç—tŒ§‰YˆÀs–x]2’š–Ú1,http://urayasu-shinsai-archive.city.urayasu.lg.jp/item/?id=M2015062519540134314
6451.061,-37872.2007,Á–h–{•”‘OŒğ·“_,ç—tŒ§‰YˆÀs”LÀ1’š–Ú19,http://urayasu-shinsai-archive.city.urayasu.lg.jp/item/?id=M2015062519540234315
6451.061,-37872.2007,Á–h–{•”‘OŒğ·“_,ç—tŒ§‰YˆÀs”LÀ1’š–Ú19,http://urayasu-shinsai-archive.city.urayasu.lg.jp/item/?id=M2015062519540334316
6451.061,-37872.2007,Á–h–{•”‘OŒğ·“_,ç—tŒ§‰YˆÀs”LÀ1’š–Ú19,http://urayasu-shinsai-archive.city.urayasu.lg.jp/item/?id=M2015062519540434317
6451.061,-37872.2007,Á–h–{•”‘OŒğ·“_,ç—tŒ§‰YˆÀs”LÀ1’š–Ú19,http://urayasu-shinsai-archive.city.urayasu.lg.jp/item/?id=M2015062519540534318
6451.061,-37872.2007,Á–h–{•”‘OŒğ·“_,ç—tŒ§‰YˆÀs”LÀ1’š–Ú19,http://urayasu-shinsai-archive.city.urayasu.lg.jp/item/?id=M2015062519540534319
6451.061,-37872.2007,Á–h–{•”‘OŒğ·“_,ç—tŒ§‰YˆÀs”LÀ1’š–Ú19,http://urayasu-shinsai-archive.city.urayasu.lg.jp/item/?id=M2015062519540634320
6451.061,-37872.2007,Á–h–{•”‘OŒğ·“_,ç—tŒ§‰YˆÀs”LÀ1’š–Ú19,http://urayasu-shinsai-archive.city.urayasu.lg.jp/item/?id=M2015062519540734321
6451.061,-37872.2007,Á–h–{•”‘OŒğ·“_,ç—tŒ§‰YˆÀs”LÀ1’š–Ú19,http://urayasu-shinsai-archive.city.urayasu.lg.jp/item/?id=M2015062519540834322
6451.061,-37872.2007,Á–h–{•”‘OŒğ·“_,ç—tŒ§‰YˆÀs”LÀ1’š–Ú19,http://urayasu-shinsai-archive.city.urayasu.lg.jp/item/?id=M2015062519540934323
6451.061,-37872.2007,Á–h–{•”‘OŒğ·“_,ç—tŒ§‰YˆÀs”LÀ1’š–Ú19,http://urayasu-shinsai-archive.city.urayasu.lg.jp/item/?id=M2015062519541034324
7238.6465,-38383.5906,”ü•l“ŒƒGƒXƒe[ƒg,ç—tŒ§‰YˆÀs”ü•l5’š–Ú11,http://urayasu-shinsai-archive.city.urayasu.lg.jp/item/?id=M2015062519541034325
7238.6465,-38383.5906,”ü•l“ŒƒGƒXƒe[ƒg,ç—tŒ§‰YˆÀs”ü•l5’š–Ú11,http://urayasu-shinsai-archive.city.urayasu.lg.jp/item/?id=M2015062519541134326
7238.6465,-38383.5906,”ü•l“ŒƒGƒXƒe[ƒg,ç—tŒ§‰YˆÀs”ü•l5’š–Ú11,http://urayasu-shinsai-archive.city.urayasu.lg.jp/item/?id=M2015062519541234327
7238.6465,-38383.5906,”ü•l“ŒƒGƒXƒe[ƒg,ç—tŒ§‰YˆÀs”ü•l5’š–Ú11,http://urayasu-shinsai-archive.city.urayasu.lg.jp/item/?id=M2015062519541334328
7238.6465,-38383.5906,”ü•l“ŒƒGƒXƒe[ƒg,ç—tŒ§‰YˆÀs”ü•l5’š–Ú11,http://urayasu-shinsai-archive.city.urayasu.lg.jp/item/?id=M2015062519541434329
7238.6465,-38383.5906,”ü•l“ŒƒGƒXƒe[ƒg,ç—tŒ§‰YˆÀs”ü•l5’š–Ú11,http://urayasu-shinsai-archive.city.urayasu.lg.jp/item/?id=M2015062519541434330
7238.6465,-38383.5906,”ü•l“ŒƒGƒXƒe[ƒg,ç—tŒ§‰YˆÀs”ü•l5’š–Ú11,http://urayasu-shinsai-archive.city.urayasu.lg.jp/item/?id=M2015062519541534331
7238.6465,-38383.5906,”ü•l“ŒƒGƒXƒe[ƒg,ç—tŒ§‰YˆÀs”ü•l5’š–Ú11,http://urayasu-shinsai-archive.city.urayasu.lg.jp/item/?id=M2015062519541634332
7238.6465,-38383.5906,”ü•l“ŒƒGƒXƒe[ƒg,ç—tŒ§‰YˆÀs”ü•l5’š–Ú11,http://urayasu-shinsai-archive.city.urayasu.lg.jp/item/?id=M2015062519541734333
7238.6465,-38383.5906,”ü•l“ŒƒGƒXƒe[ƒg,ç—tŒ§‰YˆÀs”ü•l5’š–Ú11,http://urayasu-shinsai-archive.city.urayasu.lg.jp/item/?id=M2015062519541834334
6792.4317,-38858.7722,”ü•l¼ƒGƒXƒe[ƒg,ç—tŒ§‰YˆÀs”ü•l‚Q’š–Ú4,http://urayasu-shinsai-archive.city.urayasu.lg.jp/item/?id=M2015062519541934335
6792.4317,-38858.7722,”ü•l¼ƒGƒXƒe[ƒg,ç—tŒ§‰YˆÀs”ü•l‚Q’š–Ú4,http://urayasu-shinsai-archive.city.urayasu.lg.jp/item/?id=M2015062519541934336
6792.4317,-38858.7722,”ü•l¼ƒGƒXƒe[ƒg,ç—tŒ§‰YˆÀs”ü•l‚Q’š–Ú4,http://urayasu-shinsai-archive.city.urayasu.lg.jp/item/?id=M2015062519542034337
6792.4317,-38858.7722,”ü•l¼ƒGƒXƒe[ƒg,ç—tŒ§‰YˆÀs”ü•l‚Q’š–Ú4,http://urayasu-shinsai-archive.city.urayasu.lg.jp/item/?id=M2015062519542134338
6792.4317,-38858.7722,”ü•l¼ƒGƒXƒe[ƒg,ç—tŒ§‰YˆÀs”ü•l‚Q’š–Ú4,http://urayasu-shinsai-archive.city.urayasu.lg.jp/item/?id=M2015062519542234339
6792.4317,-38858.7722,”ü•l¼ƒGƒXƒe[ƒg,ç—tŒ§‰YˆÀs”ü•l‚Q’š–Ú4,http://urayasu-shinsai-archive.city.urayasu.lg.jp/item/?id=M2015062519542334340
6792.4317,-38858.7722,”ü•l¼ƒGƒXƒe[ƒg,ç—tŒ§‰YˆÀs”ü•l‚Q’š–Ú4,http://urayasu-shinsai-archive.city.urayasu.lg.jp/item/?id=M2015062519542334341
6792.4317,-38858.7722,”ü•l¼ƒGƒXƒe[ƒg,ç—tŒ§‰YˆÀs”ü•l‚Q’š–Ú4,http://urayasu-shinsai-archive.city.urayasu.lg.jp/item/?id=M2015062519542434342
6792.4317,-38858.7722,”ü•l¼ƒGƒXƒe[ƒg,ç—tŒ§‰YˆÀs”ü•l‚Q’š–Ú4,http://urayasu-shinsai-archive.city.urayasu.lg.jp/item/?id=M2015062519542534343
6792.4317,-38858.7722,”ü•l¼ƒGƒXƒe[ƒg,ç—tŒ§‰YˆÀs”ü•l‚Q’š–Ú4,http://urayasu-shinsai-archive.city.urayasu.lg.jp/item/?id=M2015062519542634344
7304.6113,-38661.1126,”ü•l™“¶Œö‰€‘OŒğ·“_,ç—tŒ§‰YˆÀs”ü•l5’š–Ú1,http://urayasu-shinsai-archive.city.urayasu.lg.jp/item/?id=M2015062519542634345
7304.6113,-38661.1126,”ü•l™“¶Œö‰€‘OŒğ·“_,ç—tŒ§‰YˆÀs”ü•l5’š–Ú1,http://urayasu-shinsai-archive.city.urayasu.lg.jp/item/?id=M2015062519542734346
7304.6113,-38661.1126,”ü•l™“¶Œö‰€‘OŒğ·“_,ç—tŒ§‰YˆÀs”ü•l5’š–Ú1,http://urayasu-shinsai-archive.city.urayasu.lg.jp/item/?id=M2015062519542834347
7304.6113,-38661.1126,”ü•l™“¶Œö‰€‘OŒğ·“_,ç—tŒ§‰YˆÀs”ü•l5’š–Ú1,http://urayasu-shinsai-archive.city.urayasu.lg.jp/item/?id=M2015062519542934348
7304.6113,-38661.1126,”ü•l™“¶Œö‰€‘OŒğ·“_,ç—tŒ§‰YˆÀs”ü•l5’š–Ú1,http://urayasu-shinsai-archive.city.urayasu.lg.jp/item/?id=M2015062519543034349
7304.6113,-38661.1126,”ü•l™“¶Œö‰€‘OŒğ·“_,ç—tŒ§‰YˆÀs”ü•l5’š–Ú1,http://urayasu-shinsai-archive.city.urayasu.lg.jp/item/?id=M2015062519543034350
7304.6113,-38661.1126,”ü•l™“¶Œö‰€‘OŒğ·“_,ç—tŒ§‰YˆÀs”ü•l5’š–Ú1,http://urayasu-shinsai-archive.city.urayasu.lg.jp/item/?id=M2015062519543134351
7304.6113,-38661.1126,”ü•l™“¶Œö‰€‘OŒğ·“_,ç—tŒ§‰YˆÀs”ü•l5’š–Ú1,http://urayasu-shinsai-archive.city.urayasu.lg.jp/item/?id=M2015062519543234352
7304.6113,-38661.1126,”ü•l™“¶Œö‰€‘OŒğ·“_,ç—tŒ§‰YˆÀs”ü•l5’š–Ú1,http://urayasu-shinsai-archive.city.urayasu.lg.jp/item/?id=M2015062519543334353
7304.6113,-38661.1126,”ü•l™“¶Œö‰€‘OŒğ·“_,ç—tŒ§‰YˆÀs”ü•l5’š–Ú1,http://urayasu-shinsai-archive.city.urayasu.lg.jp/item/?id=M2015062519543434354
7081.3426,-39150.3233,“ü‘D¼ƒGƒXƒe[ƒg,ç—tŒ§‰YˆÀs“ü‘D2’š–Ú9,http://urayasu-shinsai-archive.city.urayasu.lg.jp/item/?id=M2015062519543434355
7081.3426,-39150.3233,“ü‘D¼ƒGƒXƒe[ƒg,ç—tŒ§‰YˆÀs“ü‘D2’š–Ú9,http://urayasu-shinsai-archive.city.urayasu.lg.jp/item/?id=M2015062519543534356
7081.3426,-39150.3233,“ü‘D¼ƒGƒXƒe[ƒg,ç—tŒ§‰YˆÀs“ü‘D2’š–Ú9,http://urayasu-shinsai-archive.city.urayasu.lg.jp/item/?id=M2015062519543634357
7081.3426,-39150.3233,“ü‘D¼ƒGƒXƒe[ƒg,ç—tŒ§‰YˆÀs“ü‘D2’š–Ú9,http://urayasu-shinsai-archive.city.urayasu.lg.jp/item/?id=M2015062519543734358
7081.3426,-39150.3233,“ü‘D¼ƒGƒXƒe[ƒg,ç—tŒ§‰YˆÀs“ü‘D2’š–Ú9,http://urayasu-shinsai-archive.city.urayasu.lg.jp/item/?id=M2015062519543834359
7081.3426,-39150.3233,“ü‘D¼ƒGƒXƒe[ƒg,ç—tŒ§‰YˆÀs“ü‘D2’š–Ú9,http://urayasu-shinsai-archive.city.urayasu.lg.jp/item/?id=M2015062519543834360
7081.3426,-39150.3233,“ü‘D¼ƒGƒXƒe[ƒg,ç—tŒ§‰YˆÀs“ü‘D2’š–Ú9,http://urayasu-shinsai-archive.city.urayasu.lg.jp/item/?id=M2015062519543934361
7081.3426,-39150.3233,“ü‘D¼ƒGƒXƒe[ƒg,ç—tŒ§‰YˆÀs“ü‘D2’š–Ú9,http://urayasu-shinsai-archive.city.urayasu.lg.jp/item/?id=M2015062519544034362
7081.3426,-39150.3233,“ü‘D¼ƒGƒXƒe[ƒg,ç—tŒ§‰YˆÀs“ü‘D2’š–Ú9,http://urayasu-shinsai-archive.city.urayasu.lg.jp/item/?id=M2015062519544134363
7081.3426,-39150.3233,“ü‘D¼ƒGƒXƒe[ƒg,ç—tŒ§‰YˆÀs“ü‘D2’š–Ú9,http://urayasu-shinsai-archive.city.urayasu.lg.jp/item/?id=M2015062519544234364
7480.4956,-38704.7885,“ü‘D“ŒƒGƒXƒe[ƒg,ç—tŒ§‰YˆÀs“ü‘D6’š–Ú,http://urayasu-shinsai-archive.city.urayasu.lg.jp/item/?id=M2015062519544234365
7480.4956,-38704.7885,“ü‘D“ŒƒGƒXƒe[ƒg,ç—tŒ§‰YˆÀs“ü‘D6’š–Ú,http://urayasu-shinsai-archive.city.urayasu.lg.jp/item/?id=M2015062519544334366
7480.4956,-38704.7885,“ü‘D“ŒƒGƒXƒe[ƒg,ç—tŒ§‰YˆÀs“ü‘D6’š–Ú,http://urayasu-shinsai-archive.city.urayasu.lg.jp/item/?id=M2015062519544434367
7480.4956,-38704.7885,“ü‘D“ŒƒGƒXƒe[ƒg,ç—tŒ§‰YˆÀs“ü‘D6’š–Ú,http://urayasu-shinsai-archive.city.urayasu.lg.jp/item/?id=M2015062519544534368
7480.4956,-38704.7885,“ü‘D“ŒƒGƒXƒe[ƒg,ç—tŒ§‰YˆÀs“ü‘D6’š–Ú,http://urayasu-shinsai-archive.city.urayasu.lg.jp/item/?id=M2015062519544634369
7480.4956,-38704.7885,“ü‘D“ŒƒGƒXƒe[ƒg,ç—tŒ§‰YˆÀs“ü‘D6’š–Ú,http://urayasu-shinsai-archive.city.urayasu.lg.jp/item/?id=M2015062519544634370
7480.4956,-38704.7885,“ü‘D“ŒƒGƒXƒe[ƒg,ç—tŒ§‰YˆÀs“ü‘D6’š–Ú,http://urayasu-shinsai-archive.city.urayasu.lg.jp/item/?id=M2015062519544734371
7480.4956,-38704.7885,“ü‘D“ŒƒGƒXƒe[ƒg,ç—tŒ§‰YˆÀs“ü‘D6’š–Ú,http://urayasu-shinsai-archive.city.urayasu.lg.jp/item/?id=M2015062519544834372
7480.4956,-38704.7885,“ü‘D“ŒƒGƒXƒe[ƒg,ç—tŒ§‰YˆÀs“ü‘D6’š–Ú,http://urayasu-shinsai-archive.city.urayasu.lg.jp/item/?id=M2015062519544934373
7480.4956,-38704.7885,“ü‘D“ŒƒGƒXƒe[ƒg,ç—tŒ§‰YˆÀs“ü‘D6’š–Ú,http://urayasu-shinsai-archive.city.urayasu.lg.jp/item/?id=M2015062519545034374
8143.6252,-38639.0838,“ú‚Ìo’n‹æ,ç—tŒ§‰YˆÀs“ü‘D4’š–Ú37,http://urayasu-shinsai-archive.city.urayasu.lg.jp/item/?id=M2015062519545034375
8143.6252,-38639.0838,“ú‚Ìo’n‹æ,ç—tŒ§‰YˆÀs“ü‘D4’š–Ú37,http://urayasu-shinsai-archive.city.urayasu.lg.jp/item/?id=M2015062519545134376
8143.6252,-38639.0838,“ú‚Ìo’n‹æ,ç—tŒ§‰YˆÀs“ü‘D4’š–Ú37,http://urayasu-shinsai-archive.city.urayasu.lg.jp/item/?id=M2015062519545234377
8143.6252,-38639.0838,“ú‚Ìo’n‹æ,ç—tŒ§‰YˆÀs“ü‘D4’š–Ú37,http://urayasu-shinsai-archive.city.urayasu.lg.jp/item/?id=M2015062519545334378
8143.6252,-38639.0838,“ú‚Ìo’n‹æ,ç—tŒ§‰YˆÀs“ü‘D4’š–Ú37,http://urayasu-shinsai-archive.city.urayasu.lg.jp/item/?id=M2015062519545434379
8143.6252,-38639.0838,“ú‚Ìo’n‹æ,ç—tŒ§‰YˆÀs“ü‘D4’š–Ú37,http://urayasu-shinsai-archive.city.urayasu.lg.jp/item/?id=M2015062519545434380
8143.6252,-38639.0838,“ú‚Ìo’n‹æ,ç—tŒ§‰YˆÀs“ü‘D4’š–Ú37,http://urayasu-shinsai-archive.city.urayasu.lg.jp/item/?id=M2015062519545534381
8143.6252,-38639.0838,“ú‚Ìo’n‹æ,ç—tŒ§‰YˆÀs“ü‘D4’š–Ú37,http://urayasu-shinsai-archive.city.urayasu.lg.jp/item/?id=M2015062519545634382
8143.6252,-38639.0838,“ú‚Ìo’n‹æ,ç—tŒ§‰YˆÀs“ü‘D4’š–Ú37,http://urayasu-shinsai-archive.city.urayasu.lg.jp/item/?id=M2015062519545734383
8143.6252,-38639.0838,“ú‚Ìo’n‹æ,ç—tŒ§‰YˆÀs“ü‘D4’š–Ú37,http://urayasu-shinsai-archive.city.urayasu.lg.jp/item/?id=M2015062519545834384
7937.6295,-39355.0646,ƒ}ƒŠ[ƒiƒC[ƒXƒg21‘O,ç—tŒ§‰YˆÀs“ú‚Ìo1’š–Ú,http://urayasu-shinsai-archive.city.urayasu.lg.jp/item/?id=M2015062519545834385
7937.6295,-39355.0646,ƒ}ƒŠ[ƒiƒC[ƒXƒg21‘O,ç—tŒ§‰YˆÀs“ú‚Ìo1’š–Ú,http://urayasu-shinsai-archive.city.urayasu.lg.jp/item/?id=M2015062519545934386
7937.6295,-39355.0646,ƒ}ƒŠ[ƒiƒC[ƒXƒg21‘O,ç—tŒ§‰YˆÀs“ú‚Ìo1’š–Ú,http://urayasu-shinsai-archive.city.urayasu.lg.jp/item/?id=M2015062519550034387
7937.6295,-39355.0646,ƒ}ƒŠ[ƒiƒC[ƒXƒg21‘O,ç—tŒ§‰YˆÀs“ú‚Ìo1’š–Ú,http://urayasu-shinsai-archive.city.urayasu.lg.jp/item/?id=M2015062519550134388
7937.6295,-39355.0646,ƒ}ƒŠ[ƒiƒC[ƒXƒg21‘O,ç—tŒ§‰YˆÀs“ú‚Ìo1’š–Ú,http://urayasu-shinsai-archive.city.urayasu.lg.jp/item/?id=M2015062519550234389
7937.6295,-39355.0646,ƒ}ƒŠ[ƒiƒC[ƒXƒg21‘O,ç—tŒ§‰YˆÀs“ú‚Ìo1’š–Ú,http://urayasu-shinsai-archive.city.urayasu.lg.jp/item/?id=M2015062519550234390
7937.6295,-39355.0646,ƒ}ƒŠ[ƒiƒC[ƒXƒg21‘O,ç—tŒ§‰YˆÀs“ú‚Ìo1’š–Ú,http://urayasu-shinsai-archive.city.urayasu.lg.jp/item/?id=M2015062519550334391
7937.6295,-39355.0646,ƒ}ƒŠ[ƒiƒC[ƒXƒg21‘O,ç—tŒ§‰YˆÀs“ú‚Ìo1’š–Ú,http://urayasu-shinsai-archive.city.urayasu.lg.jp/item/?id=M2015062519550434392
7937.6295,-39355.0646,ƒ}ƒŠ[ƒiƒC[ƒXƒg21‘O,ç—tŒ§‰YˆÀs“ú‚Ìo1’š–Ú,http://urayasu-shinsai-archive.city.urayasu.lg.jp/item/?id=M2015062519550534393
7937.6295,-39355.0646,ƒ}ƒŠ[ƒiƒC[ƒXƒg21‘O,ç—tŒ§‰YˆÀs“ú‚Ìo1’š–Ú,http://urayasu-shinsai-archive.city.urayasu.lg.jp/item/?id=M2015062519550634394
6832.0712,-39183.8005,“ü‘D‹´,ç—tŒ§‰YˆÀs“ü‘D2’š–Ú,http://urayasu-shinsai-archive.city.urayasu.lg.jp/item/?id=M2015062519550734395
6832.0712,-39183.8005,“ü‘D‹´,ç—tŒ§‰YˆÀs“ü‘D2’š–Ú,http://urayasu-shinsai-archive.city.urayasu.lg.jp/item/?id=M2015062519550734396
6832.0712,-39183.8005,“ü‘D‹´,ç—tŒ§‰YˆÀs“ü‘D2’š–Ú,http://urayasu-shinsai-archive.city.urayasu.lg.jp/item/?id=M2015062519550834397
6832.0712,-39183.8005,“ü‘D‹´,ç—tŒ§‰YˆÀs“ü‘D2’š–Ú,http://urayasu-shinsai-archive.city.urayasu.lg.jp/item/?id=M2015062519550934398
6832.0712,-39183.8005,“ü‘D‹´,ç—tŒ§‰YˆÀs“ü‘D2’š–Ú,http://urayasu-shinsai-archive.city.urayasu.lg.jp/item/?id=M2015062519551034399
6832.0712,-39183.8005,“ü‘D‹´,ç—tŒ§‰YˆÀs“ü‘D2’š–Ú,http://urayasu-shinsai-archive.city.urayasu.lg.jp/item/?id=M2015062519551134400
6832.0712,-39183.8005,“ü‘D‹´,ç—tŒ§‰YˆÀs“ü‘D2’š–Ú,http://urayasu-shinsai-archive.city.urayasu.lg.jp/item/?id=M2015062519551134401
6832.0712,-39183.8005,“ü‘D‹´,ç—tŒ§‰YˆÀs“ü‘D2’š–Ú,http://urayasu-shinsai-archive.city.urayasu.lg.jp/item/?id=M2015062519551234402
6832.0712,-39183.8005,“ü‘D‹´,ç—tŒ§‰YˆÀs“ü‘D2’š–Ú,http://urayasu-shinsai-archive.city.urayasu.lg.jp/item/?id=M2015062519551334403
6832.0712,-39183.8005,“ü‘D‹´,ç—tŒ§‰YˆÀs“ü‘D2’š–Ú,http://urayasu-shinsai-archive.city.urayasu.lg.jp/item/?id=M2015062519551434404
5681.4053,-39352.2416,•x‰ª—§‘ÌŒğ·“_,ç—tŒ§‰YˆÀs“Œ–ì3’š–Ú1,http://urayasu-shinsai-archive.city.urayasu.lg.jp/item/?id=M2015062519551534405
5681.4053,-39352.2416,•x‰ª—§‘ÌŒğ·“_,ç—tŒ§‰YˆÀs“Œ–ì3’š–Ú1,http://urayasu-shinsai-archive.city.urayasu.lg.jp/item/?id=M2015062519551534406
5681.4053,-39352.2416,•x‰ª—§‘ÌŒğ·“_,ç—tŒ§‰YˆÀs“Œ–ì3’š–Ú1,http://urayasu-shinsai-archive.city.urayasu.lg.jp/item/?id=M2015062519551634407
5681.4053,-39352.2416,•x‰ª—§‘ÌŒğ·“_,ç—tŒ§‰YˆÀs“Œ–ì3’š–Ú1,http://urayasu-shinsai-archive.city.urayasu.lg.jp/item/?id=M2015062519551734408
5681.4053,-39352.2416,•x‰ª—§‘ÌŒğ·“_,ç—tŒ§‰YˆÀs“Œ–ì3’š–Ú1,http://urayasu-shinsai-archive.city.urayasu.lg.jp/item/?id=M2015062519551834409
5681.4053,-39352.2416,•x‰ª—§‘ÌŒğ·“_,ç—tŒ§‰YˆÀs“Œ–ì3’š–Ú1,http://urayasu-shinsai-archive.city.urayasu.lg.jp/item/?id=M2015062519551834410
5681.4053,-39352.2416,•x‰ª—§‘ÌŒğ·“_,ç—tŒ§‰YˆÀs“Œ–ì3’š–Ú1,http://urayasu-shinsai-archive.city.urayasu.lg.jp/item/?id=M2015062519551934411
5681.4053,-39352.2416,•x‰ª—§‘ÌŒğ·“_,ç—tŒ§‰YˆÀs“Œ–ì3’š–Ú1,http://urayasu-shinsai-archive.city.urayasu.lg.jp/item/?id=M2015062519552034412
5681.4053,-39352.2416,•x‰ª—§‘ÌŒğ·“_,ç—tŒ§‰YˆÀs“Œ–ì3’š–Ú1,http://urayasu-shinsai-archive.city.urayasu.lg.jp/item/?id=M2015062519552134413
5681.4053,-39352.2416,•x‰ª—§‘ÌŒğ·“_,ç—tŒ§‰YˆÀs“Œ–ì3’š–Ú1,http://urayasu-shinsai-archive.city.urayasu.lg.jp/item/?id=M2015062519552234414
5681.4053,-39352.2416,•x‰ª—§‘ÌŒğ·“_,ç—tŒ§‰YˆÀs“Œ–ì3’š–Ú1,http://urayasu-shinsai-archive.city.urayasu.lg.jp/item/?id=M2015062519552234415
5854.6709,-39398.7248,’†‰›Œö‰€,ç—tŒ§‰YˆÀs•x‰ª4’š–Ú25,http://urayasu-shinsai-archive.city.urayasu.lg.jp/item/?id=M2015062519552334416
5854.6709,-39398.7248,’†‰›Œö‰€,ç—tŒ§‰YˆÀs•x‰ª4’š–Ú25,http://urayasu-shinsai-archive.city.urayasu.lg.jp/item/?id=M2015062519552434417
5854.6709,-39398.7248,’†‰›Œö‰€,ç—tŒ§‰YˆÀs•x‰ª4’š–Ú25,http://urayasu-shinsai-archive.city.urayasu.lg.jp/item/?id=M2015062519552534418
5854.6709,-39398.7248,’†‰›Œö‰€,ç—tŒ§‰YˆÀs•x‰ª4’š–Ú25,http://urayasu-shinsai-archive.city.urayasu.lg.jp/item/?id=M2015062519552634419
5854.6709,-39398.7248,’†‰›Œö‰€,ç—tŒ§‰YˆÀs•x‰ª4’š–Ú25,http://urayasu-shinsai-archive.city.urayasu.lg.jp/item/?id=M2015062519552634420
5854.6709,-39398.7248,’†‰›Œö‰€,ç—tŒ§‰YˆÀs•x‰ª4’š–Ú25,http://urayasu-shinsai-archive.city.urayasu.lg.jp/item/?id=M2015062519552734421
5854.6709,-39398.7248,’†‰›Œö‰€,ç—tŒ§‰YˆÀs•x‰ª4’š–Ú25,http://urayasu-shinsai-archive.city.urayasu.lg.jp/item/?id=M2015062519552834422
5854.6709,-39398.7248,’†‰›Œö‰€,ç—tŒ§‰YˆÀs•x‰ª4’š–Ú25,http://urayasu-shinsai-archive.city.urayasu.lg.jp/item/?id=M2015062519552934423
5854.6709,-39398.7248,’†‰›Œö‰€,ç—tŒ§‰YˆÀs•x‰ª4’š–Ú25,http://urayasu-shinsai-archive.city.urayasu.lg.jp/item/?id=M2015062519553034424
5854.6709,-39398.7248,’†‰›Œö‰€,ç—tŒ§‰YˆÀs•x‰ª4’š–Ú25,http://urayasu-shinsai-archive.city.urayasu.lg.jp/item/?id=M2015062519553034425
7593.1342,-41034.462,Œ§—§‰YˆÀ“ì‚Z,ç—tŒ§‰YˆÀs‚F9’š–Ú4-1,http://urayasu-shinsai-archive.city.urayasu.lg.jp/item/?id=M2015062519553134426
7593.1342,-41034.462,Œ§—§‰YˆÀ“ì‚Z,ç—tŒ§‰YˆÀs‚F9’š–Ú4-1,http://urayasu-shinsai-archive.city.urayasu.lg.jp/item/?id=M2015062519553234427
7593.1342,-41034.462,Œ§—§‰YˆÀ“ì‚Z,ç—tŒ§‰YˆÀs‚F9’š–Ú4-1,http://urayasu-shinsai-archive.city.urayasu.lg.jp/item/?id=M2015062519553334428
7593.1342,-41034.462,Œ§—§‰YˆÀ“ì‚Z,ç—tŒ§‰YˆÀs‚F9’š–Ú4-1,http://urayasu-shinsai-archive.city.urayasu.lg.jp/item/?id=M2015062519553434429
7593.1342,-41034.462,Œ§—§‰YˆÀ“ì‚Z,ç—tŒ§‰YˆÀs‚F9’š–Ú4-1,http://urayasu-shinsai-archive.city.urayasu.lg.jp/item/?id=M2015062519553434430
7593.1342,-41034.462,Œ§—§‰YˆÀ“ì‚Z,ç—tŒ§‰YˆÀs‚F9’š–Ú4-1,http://urayasu-shinsai-archive.city.urayasu.lg.jp/item/?id=M2015062519553534431
7593.1342,-41034.462,Œ§—§‰YˆÀ“ì‚Z,ç—tŒ§‰YˆÀs‚F9’š–Ú4-1,http://urayasu-shinsai-archive.city.urayasu.lg.jp/item/?id=M2015062519553634432
7593.1342,-41034.462,Œ§—§‰YˆÀ“ì‚Z,ç—tŒ§‰YˆÀs‚F9’š–Ú4-1,http://urayasu-shinsai-archive.city.urayasu.lg.jp/item/?id=M2015062519553734433
7593.1342,-41034.462,Œ§—§‰YˆÀ“ì‚Z,ç—tŒ§‰YˆÀs‚F9’š–Ú4-1,http://urayasu-shinsai-archive.city.urayasu.lg.jp/item/?id=M2015062519553834434
7593.1342,-41034.462,Œ§—§‰YˆÀ“ì‚Z,ç—tŒ§‰YˆÀs‚F9’š–Ú4-1,http://urayasu-shinsai-archive.city.urayasu.lg.jp/item/?id=M2015062519553834435
7593.1342,-41034.462,Œ§—§‰YˆÀ“ì‚Z,ç—tŒ§‰YˆÀs‚F9’š–Ú4-1,http://urayasu-shinsai-archive.city.urayasu.lg.jp/item/?id=M2015062519553934436
7593.1342,-41034.462,Œ§—§‰YˆÀ“ì‚Z,ç—tŒ§‰YˆÀs‚F9’š–Ú4-1,http://urayasu-shinsai-archive.city.urayasu.lg.jp/item/?id=M2015062519554034437
5823.4115,-41173.0288,‰YˆÀƒ}ƒŠ[ƒi,ç—tŒ§‰YˆÀsç’¹1,http://urayasu-shinsai-archive.city.urayasu.lg.jp/item/?id=M2015062519554134438
5823.4115,-41173.0288,‰YˆÀƒ}ƒŠ[ƒi,ç—tŒ§‰YˆÀsç’¹1,http://urayasu-shinsai-archive.city.urayasu.lg.jp/item/?id=M2015062519554234439
5823.4115,-41173.0288,‰YˆÀƒ}ƒŠ[ƒi,ç—tŒ§‰YˆÀsç’¹1,http://urayasu-shinsai-archive.city.urayasu.lg.jp/item/?id=M2015062519554234440
5823.4115,-41173.0288,‰YˆÀƒ}ƒŠ[ƒi,ç—tŒ§‰YˆÀsç’¹1,http://urayasu-shinsai-archive.city.urayasu.lg.jp/item/?id=M2015062519554334441
5823.4115,-41173.0288,‰YˆÀƒ}ƒŠ[ƒi,ç—tŒ§‰YˆÀsç’¹1,http://urayasu-shinsai-archive.city.urayasu.lg.jp/item/?id=M2015062519554434442
5823.4115,-41173.0288,‰YˆÀƒ}ƒŠ[ƒi,ç—tŒ§‰YˆÀsç’¹1,http://urayasu-shinsai-archive.city.urayasu.lg.jp/item/?id=M2015062519554534443
5823.4115,-41173.0288,‰YˆÀƒ}ƒŠ[ƒi,ç—tŒ§‰YˆÀsç’¹1,http://urayasu-shinsai-archive.city.urayasu.lg.jp/item/?id=M2015062519554634444
5823.4115,-41173.0288,‰YˆÀƒ}ƒŠ[ƒi,ç—tŒ§‰YˆÀsç’¹1,http://urayasu-shinsai-archive.city.urayasu.lg.jp/item/?id=M2015062519554634445
5823.4115,-41173.0288,‰YˆÀƒ}ƒŠ[ƒi,ç—tŒ§‰YˆÀsç’¹1,http://urayasu-shinsai-archive.city.urayasu.lg.jp/item/?id=M2015062519554734446
4527.4247,-40388.7622,‹—tü•‘•l‰w“ìŒû,ç—tŒ§‰YˆÀs•‘•l26,http://urayasu-shinsai-archive.city.urayasu.lg.jp/item/?id=M2015062519554834447
4527.4247,-40388.7622,‹—tü•‘•l‰w“ìŒû,ç—tŒ§‰YˆÀs•‘•l26,http://urayasu-shinsai-archive.city.urayasu.lg.jp/item/?id=M2015062519554934448
4527.4247,-40388.7622,‹—tü•‘•l‰w“ìŒû,ç—tŒ§‰YˆÀs•‘•l26,http://urayasu-shinsai-archive.city.urayasu.lg.jp/item/?id=M2015062519555034449
4527.4247,-40388.7622,‹—tü•‘•l‰w“ìŒû,ç—tŒ§‰YˆÀs•‘•l26,http://urayasu-shinsai-archive.city.urayasu.lg.jp/item/?id=M2015062519555134450
4527.4247,-40388.7622,‹—tü•‘•l‰w“ìŒû,ç—tŒ§‰YˆÀs•‘•l26,http://urayasu-shinsai-archive.city.urayasu.lg.jp/item/?id=M2015062519555134451
4527.4247,-40388.7622,‹—tü•‘•l‰w“ìŒû,ç—tŒ§‰YˆÀs•‘•l26,http://urayasu-shinsai-archive.city.urayasu.lg.jp/item/?id=M2015062519555234452
4527.4247,-40388.7622,‹—tü•‘•l‰w“ìŒû,ç—tŒ§‰YˆÀs•‘•l26,http://urayasu-shinsai-archive.city.urayasu.lg.jp/item/?id=M2015062519555334453
4608.5474,-40339.3517,‹—tü•‘•l‰w–kŒû,ç—tŒ§‰YˆÀs•‘•l25,http://urayasu-shinsai-archive.city.urayasu.lg.jp/item/?id=M2015062519555434454
4608.5474,-40339.3517,‹—tü•‘•l‰w–kŒû,ç—tŒ§‰YˆÀs•‘•l25,http://urayasu-shinsai-archive.city.urayasu.lg.jp/item/?id=M2015062519555534455
4608.5474,-40339.3517,‹—tü•‘•l‰w–kŒû,ç—tŒ§‰YˆÀs•‘•l25,http://urayasu-shinsai-archive.city.urayasu.lg.jp/item/?id=M2015062519555534456
4608.5474,-40339.3517,‹—tü•‘•l‰w–kŒû,ç—tŒ§‰YˆÀs•‘•l25,http://urayasu-shinsai-archive.city.urayasu.lg.jp/item/?id=M2015062519555634457
4608.5474,-40339.3517,‹—tü•‘•l‰w–kŒû,ç—tŒ§‰YˆÀs•‘•l25,http://urayasu-shinsai-archive.city.urayasu.lg.jp/item/?id=M2015062519555734458
4608.5474,-40339.3517,‹—tü•‘•l‰w–kŒû,ç—tŒ§‰YˆÀs•‘•l25,http://urayasu-shinsai-archive.city.urayasu.lg.jp/item/?id=M2015062519555834459
4608.5474,-40339.3517,‹—tü•‘•l‰w–kŒû,ç—tŒ§‰YˆÀs•‘•l25,http://urayasu-shinsai-archive.city.urayasu.lg.jp/item/?id=M2015062519555934460
4608.5474,-40339.3517,‹—tü•‘•l‰w–kŒû,ç—tŒ§‰YˆÀs•‘•l25,http://urayasu-shinsai-archive.city.urayasu.lg.jp/item/?id=M2015062519555934461
6218.7006,-38217.3946,’†‰›}‘ŠÙ‰®ã‚æ‚è,ç—tŒ§‰YˆÀs”LÀ1’š–Ú2-1,http://urayasu-shinsai-archive.city.urayasu.lg.jp/item/?id=M2015062519560034462
6218.7006,-38217.3946,’†‰›}‘ŠÙ‰®ã‚æ‚è,ç—tŒ§‰YˆÀs”LÀ1’š–Ú2-1,http://urayasu-shinsai-archive.city.urayasu.lg.jp/item/?id=M2015062519560134463
6218.7006,-38217.3946,’†‰›}‘ŠÙ‰®ã‚æ‚è,ç—tŒ§‰YˆÀs”LÀ1’š–Ú2-1,http://urayasu-shinsai-archive.city.urayasu.lg.jp/item/?id=M2015062519560234464
6218.7006,-38217.3946,’†‰›}‘ŠÙ‰®ã‚æ‚è,ç—tŒ§‰YˆÀs”LÀ1’š–Ú2-1,http://urayasu-shinsai-archive.city.urayasu.lg.jp/item/?id=M2015062519560334465
4597.2794,-39564.5436,–x]‹´,ç—tŒ§‰YˆÀs•‘•l2’š–Ú,http://urayasu-shinsai-archive.city.urayasu.lg.jp/item/?id=M2015062519560334466
4597.2794,-39564.5436,–x]‹´,ç—tŒ§‰YˆÀs•‘•l2’š–Ú,http://urayasu-shinsai-archive.city.urayasu.lg.jp/item/?id=M2015062519560434467
4597.2794,-39564.5436,–x]‹´,ç—tŒ§‰YˆÀs•‘•l2’š–Ú,http://urayasu-shinsai-archive.city.urayasu.lg.jp/item/?id=M2015062519560534468
4597.2794,-39564.5436,–x]‹´,ç—tŒ§‰YˆÀs•‘•l2’š–Ú,http://urayasu-shinsai-archive.city.urayasu.lg.jp/item/?id=M2015062519560634469
4597.2794,-39564.5436,–x]‹´,ç—tŒ§‰YˆÀs•‘•l2’š–Ú,http://urayasu-shinsai-archive.city.urayasu.lg.jp/item/?id=M2015062519560734470
4597.2794,-39564.5436,–x]‹´,ç—tŒ§‰YˆÀs•‘•l2’š–Ú,http://urayasu-shinsai-archive.city.urayasu.lg.jp/item/?id=M2015062519560734471
7826.2781,-41042.0261,“Œ‹˜p,ç—tŒ§‰YˆÀs‚F9’š–Ú,http://urayasu-shinsai-archive.city.urayasu.lg.jp/item/?id=M2015062519560834472
7826.2781,-41042.0261,“Œ‹˜p,ç—tŒ§‰YˆÀs‚F9’š–Ú,http://urayasu-shinsai-archive.city.urayasu.lg.jp/item/?id=M2015062519560934473
7826.2781,-41042.0261,“Œ‹˜p,ç—tŒ§‰YˆÀs‚F9’š–Ú,http://urayasu-shinsai-archive.city.urayasu.lg.jp/item/?id=M2015062519561034474
7826.2781,-41042.0261,“Œ‹˜p,ç—tŒ§‰YˆÀs‚F9’š–Ú,http://urayasu-shinsai-archive.city.urayasu.lg.jp/item/?id=M2015062519561134475
7826.2781,-41042.0261,“Œ‹˜p,ç—tŒ§‰YˆÀs‚F9’š–Ú,http://urayasu-shinsai-archive.city.urayasu.lg.jp/item/?id=M2015062519561134476
7632.532,-39975.3829,‚F‹´,ç—tŒ§‰YˆÀs‚F5’š–Ú,http://urayasu-shinsai-archive.city.urayasu.lg.jp/item/?id=M2015062519561234477
7632.532,-39975.3829,‚F‹´,ç—tŒ§‰YˆÀs‚F5’š–Ú,http://urayasu-shinsai-archive.city.urayasu.lg.jp/item/?id=M2015062519561334478
7632.532,-39975.3829,‚F‹´,ç—tŒ§‰YˆÀs‚F5’š–Ú,http://urayasu-shinsai-archive.city.urayasu.lg.jp/item/?id=M2015062519561434479
7632.532,-39975.3829,‚F‹´,ç—tŒ§‰YˆÀs‚F5’š–Ú,http://urayasu-shinsai-archive.city.urayasu.lg.jp/item/?id=M2015062519561534480
7632.532,-39975.3829,‚F‹´,ç—tŒ§‰YˆÀs‚F5’š–Ú,http://urayasu-shinsai-archive.city.urayasu.lg.jp/item/?id=M2015062519561534481
7745.0223,-40404.5178,’ª‰¹‚ÌŠX‘OŒğ·“_,ç—tŒ§‰YˆÀs‚F6’š–Ú1-1,http://urayasu-shinsai-archive.city.urayasu.lg.jp/item/?id=M2015062519561634482
7745.0223,-40404.5178,’ª‰¹‚ÌŠX‘OŒğ·“_,ç—tŒ§‰YˆÀs‚F6’š–Ú1-1,http://urayasu-shinsai-archive.city.urayasu.lg.jp/item/?id=M2015062519561734483
7745.0223,-40404.5178,’ª‰¹‚ÌŠX‘OŒğ·“_,ç—tŒ§‰YˆÀs‚F6’š–Ú1-1,http://urayasu-shinsai-archive.city.urayasu.lg.jp/item/?id=M2015062519561834484
7745.0223,-40404.5178,’ª‰¹‚ÌŠX‘OŒğ·“_,ç—tŒ§‰YˆÀs‚F6’š–Ú1-1,http://urayasu-shinsai-archive.city.urayasu.lg.jp/item/?id=M2015062519561934485
7745.0223,-40404.5178,’ª‰¹‚ÌŠX‘OŒğ·“_,ç—tŒ§‰YˆÀs‚F6’š–Ú1-1,http://urayasu-shinsai-archive.city.urayasu.lg.jp/item/?id=M2015062519561934486
8195.067,-40518.9393,–¾ŠC‹´,ç—tŒ§‰YˆÀs–¾ŠC6’š–Ú,http://urayasu-shinsai-archive.city.urayasu.lg.jp/item/?id=M2015062519562034487
8195.067,-40518.9393,–¾ŠC‹´,ç—tŒ§‰YˆÀs–¾ŠC6’š–Ú,http://urayasu-shinsai-archive.city.urayasu.lg.jp/item/?id=M2015062519562134488
8195.067,-40518.9393,–¾ŠC‹´,ç—tŒ§‰YˆÀs–¾ŠC6’š–Ú,http://urayasu-shinsai-archive.city.urayasu.lg.jp/item/?id=M2015062519562234489
8195.067,-40518.9393,–¾ŠC‹´,ç—tŒ§‰YˆÀs–¾ŠC6’š–Ú,http://urayasu-shinsai-archive.city.urayasu.lg.jp/item/?id=M2015062519562334490
8195.067,-40518.9393,–¾ŠC‹´,ç—tŒ§‰YˆÀs–¾ŠC6’š–Ú,http://urayasu-shinsai-archive.city.urayasu.lg.jp/item/?id=M2015062519562334491
5236.183,-40969.1507,‘‡‘ÌˆçŠÙ,ç—tŒ§‰YˆÀs•‘•l2’š–Ú27,http://urayasu-shinsai-archive.city.urayasu.lg.jp/item/?id=M2015062519562434492
5236.183,-40969.1507,‘‡‘ÌˆçŠÙ,ç—tŒ§‰YˆÀs•‘•l2’š–Ú27,http://urayasu-shinsai-archive.city.urayasu.lg.jp/item/?id=M2015062519562534493
5236.183,-40969.1507,‘‡‘ÌˆçŠÙ,ç—tŒ§‰YˆÀs•‘•l2’š–Ú27,http://urayasu-shinsai-archive.city.urayasu.lg.jp/item/?id=M2015062519562634494
5236.183,-40969.1507,‘‡‘ÌˆçŠÙ,ç—tŒ§‰YˆÀs•‘•l2’š–Ú27,http://urayasu-shinsai-archive.city.urayasu.lg.jp/item/?id=M2015062519562734495
5236.183,-40969.1507,‘‡‘ÌˆçŠÙ,ç—tŒ§‰YˆÀs•‘•l2’š–Ú27,http://urayasu-shinsai-archive.city.urayasu.lg.jp/item/?id=M2015062519562734496
5922.7685,-42257.079,ƒNƒŠ[ƒ“ƒZƒ“ƒ^[ŠÇ—“‰®ã,ç—tŒ§‰YˆÀsç’¹,http://urayasu-shinsai-archive.city.urayasu.lg.jp/item/?id=M2015062519562834497
5922.7685,-42257.079,ƒNƒŠ[ƒ“ƒZƒ“ƒ^[ŠÇ—“‰®ã,ç—tŒ§‰YˆÀsç’¹,http://urayasu-shinsai-archive.city.urayasu.lg.jp/item/?id=M2015062519562934498
5922.7685,-42257.079,ƒNƒŠ[ƒ“ƒZƒ“ƒ^[ŠÇ—“‰®ã,ç—tŒ§‰YˆÀsç’¹,http://urayasu-shinsai-archive.city.urayasu.lg.jp/item/?id=M2015062519563034499
5922.7685,-42257.079,ƒNƒŠ[ƒ“ƒZƒ“ƒ^[ŠÇ—“‰®ã,ç—tŒ§‰YˆÀsç’¹,http://urayasu-shinsai-archive.city.urayasu.lg.jp/item/?id=M2015062519563134500
5922.7685,-42257.079,ƒNƒŠ[ƒ“ƒZƒ“ƒ^[ŠÇ—“‰®ã,ç—tŒ§‰YˆÀsç’¹,http://urayasu-shinsai-archive.city.urayasu.lg.jp/item/?id=M2015062519563134501
7083.6415,-38852.9982,ƒuƒ‰ƒCƒgƒ“ƒzƒeƒ‹ƒwƒŠƒ|[ƒg,ç—tŒ§‰YˆÀs”ü•l1-9,http://urayasu-shinsai-archive.city.urayasu.lg.jp/item/?id=M2015062519563234502
7083.6415,-38852.9982,ƒuƒ‰ƒCƒgƒ“ƒzƒeƒ‹ƒwƒŠƒ|[ƒg,ç—tŒ§‰YˆÀs”ü•l1-9,http://urayasu-shinsai-archive.city.urayasu.lg.jp/item/?id=M2015062519563334503
7083.6415,-38852.9982,ƒuƒ‰ƒCƒgƒ“ƒzƒeƒ‹ƒwƒŠƒ|[ƒg,ç—tŒ§‰YˆÀs”ü•l1-9,http://urayasu-shinsai-archive.city.urayasu.lg.jp/item/?id=M2015062519563434504
7083.6415,-38852.9982,ƒuƒ‰ƒCƒgƒ“ƒzƒeƒ‹ƒwƒŠƒ|[ƒg,ç—tŒ§‰YˆÀs”ü•l1-9,http://urayasu-shinsai-archive.city.urayasu.lg.jp/item/?id=M2015062519563534505
7083.6415,-38852.9982,ƒuƒ‰ƒCƒgƒ“ƒzƒeƒ‹ƒwƒŠƒ|[ƒg,ç—tŒ§‰YˆÀs”ü•l1-9,http://urayasu-shinsai-archive.city.urayasu.lg.jp/item/?id=M2015062519563534506
7784.6328,-39716.425,–²ŠC‚ÌŠX’c’nƒwƒŠƒ|[ƒg,ç—tŒ§‰YˆÀs–¾ŠC1’š–Ú3-1,http://urayasu-shinsai-archive.city.urayasu.lg.jp/item/?id=M2015062519563634507
7784.6328,-39716.425,–²ŠC‚ÌŠX’c’nƒwƒŠƒ|[ƒg,ç—tŒ§‰YˆÀs–¾ŠC1’š–Ú3-1,http://urayasu-shinsai-archive.city.urayasu.lg.jp/item/?id=M2015062519563734508
7784.6328,-39716.425,–²ŠC‚ÌŠX’c’nƒwƒŠƒ|[ƒg,ç—tŒ§‰YˆÀs–¾ŠC1’š–Ú3-1,http://urayasu-shinsai-archive.city.urayasu.lg.jp/item/?id=M2015062519563834509
7784.6328,-39716.425,–²ŠC‚ÌŠX’c’nƒwƒŠƒ|[ƒg,ç—tŒ§‰YˆÀs–¾ŠC1’š–Ú3-1,http://urayasu-shinsai-archive.city.urayasu.lg.jp/item/?id=M2015062519563934510
7784.6328,-39716.425,–²ŠC‚ÌŠX’c’nƒwƒŠƒ|[ƒg,ç—tŒ§‰YˆÀs–¾ŠC1’š–Ú3-1,http://urayasu-shinsai-archive.city.urayasu.lg.jp/item/?id=M2015062519563934511
9143.2433,-39913.8297,•æ’nŒö‰€“ü‚èŒû‘O‚æ‚è,ç—tŒ§‰YˆÀs“ú‚Ìo,http://urayasu-shinsai-archive.city.urayasu.lg.jp/item/?id=M2015062519564034512
9143.2433,-39913.8297,•æ’nŒö‰€“ü‚èŒû‘O‚æ‚è,ç—tŒ§‰YˆÀs“ú‚Ìo,http://urayasu-shinsai-archive.city.urayasu.lg.jp/item/?id=M2015062519564134513
9143.2433,-39913.8297,•æ’nŒö‰€“ü‚èŒû‘O‚æ‚è,ç—tŒ§‰YˆÀs“ú‚Ìo,http://urayasu-shinsai-archive.city.urayasu.lg.jp/item/?id=M2015062519564234514
9143.2433,-39913.8297,•æ’nŒö‰€“ü‚èŒû‘O‚æ‚è,ç—tŒ§‰YˆÀs“ú‚Ìo,http://urayasu-shinsai-archive.city.urayasu.lg.jp/item/?id=M2015062519564334515
9143.2433,-39913.8297,•æ’nŒö‰€“ü‚èŒû‘O‚æ‚è,ç—tŒ§‰YˆÀs“ú‚Ìo,http://urayasu-shinsai-archive.city.urayasu.lg.jp/item/?id=M2015062519564334516
8875.7755,-40240.6008,ƒVƒ“ƒ{ƒ‹ƒ[ƒhI“_,ç—tŒ§‰YˆÀs–¾ŠC7’š–Ú,http://urayasu-shinsai-archive.city.urayasu.lg.jp/item/?id=M2015062519564434517
8875.7755,-40240.6008,ƒVƒ“ƒ{ƒ‹ƒ[ƒhI“_,ç—tŒ§‰YˆÀs–¾ŠC7’š–Ú,http://urayasu-shinsai-archive.city.urayasu.lg.jp/item/?id=M2015062519564534518
8875.7755,-40240.6008,ƒVƒ“ƒ{ƒ‹ƒ[ƒhI“_,ç—tŒ§‰YˆÀs–¾ŠC7’š–Ú,http://urayasu-shinsai-archive.city.urayasu.lg.jp/item/?id=M2015062519564634519
8875.7755,-40240.6008,ƒVƒ“ƒ{ƒ‹ƒ[ƒhI“_,ç—tŒ§‰YˆÀs–¾ŠC7’š–Ú,http://urayasu-shinsai-archive.city.urayasu.lg.jp/item/?id=M2015062519564734520
8875.7755,-40240.6008,ƒVƒ“ƒ{ƒ‹ƒ[ƒhI“_,ç—tŒ§‰YˆÀs–¾ŠC7’š–Ú,http://urayasu-shinsai-archive.city.urayasu.lg.jp/item/?id=M2015062519564734521
